{
  "replace": true,
  "values": [
    {"id":"minecraft:slime","required":false},
    {"id":"feywild:spring_pixie","required":false},
    {"id":"feywild:autumn_pixie","required":false},
    {"id":"feywild:summer_pixie","required":false},
    {"id":"feywild:winter_pixie","required":false},
    {"id":"bettermushroom:mushrooms_spores","required":false},
    {"id":"untamedwilds:tarantula","required":false},
    {"id":"wyrmroost:coin_dragon","required":false},
    {"id":"fantasy:unicorn","required":false},
    {"id":"iceandfire:pixie","required":false},
    {"id":"alexsmobs:fly","required":false},
    {"id":"alexsmobs:hummingbird","required":false},
    {"id":"alexsmobs:cockroach","required":false},
    {"id":"terraincognita:butterfly","required":false},
    {"id":"buzzierbees:honey_slime","required":false},
    {"id":"mysticalworld:frog","required":false},
    {"id":"mysticalworld:beetle","required":false},
    {"id":"mysticalworld:silkworm","required":false},
    {"id":"druidcraft:lunar_moth","required":false},
    {"id":"druidcraft:dreadfish","required":false},
    {"id":"betterendforge:end_slime","required":false},
    {"id":"betterendforge:dragonfly","required":false},
    {"id":"betterendforge:silk_moth","required":false},
    {"id":"savageandravage:creepie","required":false},
    {"id":"betteranimalsplus:butterfly","required":false},
    {"id":"whisperwoods:moth","required":false},
    {"id":"fins:river_pebble_snail","required":false},
    {"id":"tconstruct:sky_slime","required":false},
    {"id":"twilightforest:maze_slime","required":false},
    {"id":"biomemakeover:dragonfly","required":false},
    {"id":"naturalist:firefly","required":false},
    {"id":"cnb:sporeling","required":false},
    {"id":"crittersandcompanions:dragonfly","required":false},
    {"id":"crittersandcompanions:leaf_insect","required":false},
    {"id":"alexsmobs:cockroach","required":false},
    {"id":"alexsmobs:leafcutter_ant","required":false},
    {"id":"biomemakeover:rootling","required":false},
    {"id":"naturalist:butterfly","required":false},
    {"id":"mushlings:mushling","required":false},
    {"id":"sprout:bounce_bug","required":false},
    {"id":"unusualend:ender_firefly","required":false},
    {"id":"naturalist:caterpillar","required":false}
  ]
}

