{
  "type": "minecraft:entity",
  "pools": [
    {
      "rolls": {
        "type": "minecraft:uniform",
        "min": 0.0,
        "max": 2.0
      },
      "bonus_rolls": 0.0,
      "entries": [
        {
          "type": "minecraft:item",
          "name": "minecraft:magma_block"
        },
        {
          "type": "minecraft:item",
          "conditions": [
            {
              "condition": "minecraft:random_chance",
              "chance": 0.25
            }
          ],
          "name": "minecraft:magma_cream"
        }
      ],
      "conditions": [
        {
          "condition": "minecraft:killed_by_player"
        }
      ],
      "functions": [
        {
          "function": "minecraft:looting_enchant",
          "count": {
            "type": "minecraft:uniform",
            "min": 0.0,
            "max": 1.0
          }
        }
      ]
    }
  ]
}