{
    "parent": "izzy_vault:materials/vault_essence",
    "display": {
      "icon": {
        "item": "the_vault:skill_shard"
      },
      "title": {"text": "Skill Crystal"},
      "description": {"text": "Craft a Skill Shard"}
    },
    "criteria": {
      "craft_item": {
        "trigger": "minecraft:inventory_changed",
        "conditions": {
          "items": [
            {
              "items": [
                "the_vault:skill_shard"
              ]
            }
          ]
        }
      }
    }
  }