{
    "parent": "izzy_vault:catalyst/afterlife",
    "display": {
      "icon": {
        "item": "the_vault:eye_of_avarice"
      },
      "title": {"text": "Master Defuser"},
      "description": {"text": "Create yourself an Eye of Avarice"}
    },
    "criteria": {
      "craft_item": {
        "trigger": "minecraft:inventory_changed",
        "conditions": {
          "items": [
            {
              "items": [
                "the_vault:eye_of_avarice"
              ]
            }
          ]
        }
      }
    }
  }