{
    "parent": "izzy_vault:blocks/altar",
    "display": {
      "icon": {
        "item": "the_vault:god_blessing",
        "nbt": "{type:'velara'}"
      },
      "title": {"text": "Brownie Points"},
      "description": {"text": "Get a God Blessing"}
    },
    "criteria": {
      "craft_item": {
        "trigger": "minecraft:inventory_changed",
        "conditions": {
          "items": [
            {
              "items": [
                "the_vault:god_blessing"
              ]
            }
          ]
        }
      }
    }
  }