{
    "parent": "izzy_vault:materials/eternal_soul",
    "display": {
      "icon": {
        "item": "the_vault:infused_eternal_soul"
      },
      "title": {"text": "Redeeming Souls"},
      "description": {"text": "Create a Infused Eternal Soul"}
    },
    "criteria": {
      "craft_item": {
        "trigger": "minecraft:inventory_changed",
        "conditions": {
          "items": [
            {
              "items": [
                "the_vault:infused_eternal_soul"
              ]
            }
          ]
        }
      }
    }
  }