{
    "parent": "izzy_vault:items/goodie_box",
    "display": {
      "icon": {
        "item": "the_vault:pandoras_box"
      },
      "title": {"text": "???????"},
      "description": {"text": "Find a Pandora's Box"}
    },
    "criteria": {
      "craft_item": {
        "trigger": "minecraft:inventory_changed",
        "conditions": {
          "items": [
            {
              "items": [
                "the_vault:pandoras_box"
              ]
            }
          ]
        }
      }
    }
  }