{
    "parent": "izzy_vault:items/shard_pouch",
    "display": {
      "icon": {
        "item": "the_vault:unknown_item"
      },
      "title": {"text": "Waiting for a Good Deal"},
      "description": {"text": "Earn 5000 Soul Shards in a Single Pouch"},
      "hidden": true,
      "frame": "challenge"
    },
    "criteria": {
      "95": {
        "trigger": "minecraft:inventory_changed",
        "conditions": {
          "items": [
            {
              "items": [
                "the_vault:shard_pouch"
              ],
              "nbt": "{Inventory:{StackSize:4995}}"
            }
          ]
        }
      },
      "96": {
        "trigger": "minecraft:inventory_changed",
        "conditions": {
          "items": [
            {
              "items": [
                "the_vault:shard_pouch"
              ],
              "nbt": "{Inventory:{StackSize:4996}}"
            }
          ]
        }
      },
      "97": {
        "trigger": "minecraft:inventory_changed",
        "conditions": {
          "items": [
            {
              "items": [
                "the_vault:shard_pouch"
              ],
              "nbt": "{Inventory:{StackSize:4997}}"
            }
          ]
        }
      },
      "98": {
        "trigger": "minecraft:inventory_changed",
        "conditions": {
          "items": [
            {
              "items": [
                "the_vault:shard_pouch"
              ],
              "nbt": "{Inventory:{StackSize:4998}}"
            }
          ]
        }
      },
      "99": {
        "trigger": "minecraft:inventory_changed",
        "conditions": {
          "items": [
            {
              "items": [
                "the_vault:shard_pouch"
              ],
              "nbt": "{Inventory:{StackSize:4999}}"
            }
          ]
        }
      },
      "00": {
        "trigger": "minecraft:inventory_changed",
        "conditions": {
          "items": [
            {
              "items": [
                "the_vault:shard_pouch"
              ],
              "nbt": "{Inventory:{StackSize:5000}}"
            }
          ]
        }
      },
      "01": {
        "trigger": "minecraft:inventory_changed",
        "conditions": {
          "items": [
            {
              "items": [
                "the_vault:shard_pouch"
              ],
              "nbt": "{Inventory:{StackSize:5001}}"
            }
          ]
        }
      },
      "02": {
        "trigger": "minecraft:inventory_changed",
        "conditions": {
          "items": [
            {
              "items": [
                "the_vault:shard_pouch"
              ],
              "nbt": "{Inventory:{StackSize:5002}}"
            }
          ]
        }
      },
      "03": {
        "trigger": "minecraft:inventory_changed",
        "conditions": {
          "items": [
            {
              "items": [
                "the_vault:shard_pouch"
              ],
              "nbt": "{Inventory:{StackSize:5003}}"
            }
          ]
        }
      },
      "04": {
        "trigger": "minecraft:inventory_changed",
        "conditions": {
          "items": [
            {
              "items": [
                "the_vault:shard_pouch"
              ],
              "nbt": "{Inventory:{StackSize:5004}}"
            }
          ]
        }
      },
      "05": {
        "trigger": "minecraft:inventory_changed",
        "conditions": {
          "items": [
            {
              "items": [
                "the_vault:shard_pouch"
              ],
              "nbt": "{Inventory:{StackSize:5005}}"
            }
          ]
        }
      }
    },
    "requirements": [
        ["95","96","97","98","99","00","01","02","03","04","05"]
    ]
  }