{
    "parent": "izzy_vault:materials/skill_essence",
    "display": {
      "icon": {
        "item": "the_vault:skill_orb"
      },
      "title": {"text": "Skill Issue"},
      "description": {"text": "Craft a Skill Orb"}
    },
    "criteria": {
      "craft_item": {
        "trigger": "minecraft:inventory_changed",
        "conditions": {
          "items": [
            {
              "items": [
                "the_vault:skill_orb"
              ]
            }
          ]
        }
      }
    }
  }