{
    "parent": "izzy_vault:items/vault_money",
    "display": {
      "icon": {
        "item": "the_vault:vault_platinum"
      },
      "title": {"text": "Scouge McDuck"},
      "description": {"text": "Hold a Stack of Vault Platinum"},
      "hidden": true,
      "frame": "challenge"
    },
    "criteria": {
      "craft_item": {
        "trigger": "minecraft:inventory_changed",
        "conditions": {
          "items": [
            {
              "items": [
                "the_vault:vault_platinum"
              ],
              "count": 64
            }
          ]
        }
      }
    }
  }