{
    "parent": "izzy_vault:gems/wutodic_silver_ingot",
    "display": {
      "icon": {
        "item": "the_vault:jewel"
      },
      "title": {"text": "Bejeweled"},
      "description": {"text": "Create or Find a Jewel"}
    },
    "criteria": {
      "gorginite": {
        "trigger": "minecraft:inventory_changed",
        "conditions": {
          "items": [
            {
              "items": [
                "the_vault:jewel"
              ]
            }
          ]
        }
      }
    },
    "requirements": [
      ["gorginite"]
    ]
  }