{
    "parent": "izzy_vault:gems/chunk",
    "display": {
      "icon": {
        "item": "the_vault:omega_pog"
      },
      "title": {"text": "OMEGA RARITY GEM"},
      "description": {"text": "Obtain an Omega Pog"},
      "frame": "challenge"
    },
    "criteria": {
      "craft_item": {
        "trigger": "minecraft:inventory_changed",
        "conditions": {
          "items": [
            {
              "items": [
                "the_vault:omega_pog"
              ]
            }
          ]
        }
      }
    }
  }