{
    "parent": "izzy_vault:gems/gemstone",
    "display": {
      "icon": {
        "item": "the_vault:wutodic_silver_ingot"
      },
      "title": {"text": "Bar of Gems"},
      "description": {"text": "Craft a Wutodic Silver Ingot"}
    },
    "criteria": {
      "craft_item": {
        "trigger": "minecraft:inventory_changed",
        "conditions": {
          "items": [
            {
              "items": [
                "the_vault:wutodic_silver_ingot"
              ]
            }
          ]
        }
      }
    }
  }