{
    "parent": "izzy_vault:items/cake",
    "display": {
      "icon": {
        "item": "minecraft:cake"
      },
      "title": {"text": "MMMmm, Tasty"},
      "description": {"text": "Eat a Cake in a Cake Vault"},
      "frame": "goal"
    },
    "criteria": {
      "iskallium": {
        "trigger": "minecraft:item_used_on_block",
        "conditions": {
          "location": {
            "block": {
              "blocks": [
                "the_vault:cake"
              ]
            }
          }
        }
      }
    }
}